{"cameraMode":{"drawMode":0,"name":"Shaded","section":"Shading Mode"},"sceneLighting":false,"audioPlay":false,"sceneViewState":{"m_AlwaysRefresh":false,"showFog":true,"showSkybox":false,"showFlares":true,"showImageEffects":true,"showParticleSystems":true,"showVisualEffectGraphs":true,"m_FxEnabled":true},"in2DMode":false,"pivot":{"x":-4.488949775695801,"y":2.0248966217041017,"z":2.2347517013549806},"rotation":{"x":0.3129008114337921,"y":-0.10796461254358292,"z":0.03582586348056793,"w":0.9429501295089722},"size":14.282407760620118,"orthographic":true}