{"cameraMode":{"drawMode":0,"name":"Shaded","section":"Shading Mode"},"sceneLighting":true,"audioPlay":false,"sceneViewState":{"m_AlwaysRefresh":false,"showFog":true,"showSkybox":true,"showFlares":true,"showImageEffects":true,"showParticleSystems":true,"showVisualEffectGraphs":true,"m_FxEnabled":true},"in2DMode":false,"pivot":{"x":0.8486728668212891,"y":0.9299960136413574,"z":-2.2248611450195314},"rotation":{"x":0.0863332450389862,"y":0.5737272500991821,"z":-0.06098460778594017,"w":0.8121987581253052},"size":39.06439208984375,"orthographic":true}