{"cameraMode":{"drawMode":0,"name":"Shaded","section":"Shading Mode"},"sceneLighting":false,"audioPlay":false,"sceneViewState":{"m_AlwaysRefresh":false,"showFog":true,"showSkybox":false,"showFlares":true,"showImageEffects":true,"showParticleSystems":true,"showVisualEffectGraphs":true,"m_FxEnabled":true},"in2DMode":false,"pivot":{"x":1.3418750762939454,"y":0.793492317199707,"z":-0.13744544982910157},"rotation":{"x":0.034862078726291659,"y":0.9609970450401306,"z":-0.23454926908016206,"w":0.14256735146045686},"size":5.039988994598389,"orthographic":true}