{"cameraMode":{"drawMode":0,"name":"Shaded","section":"Shading Mode"},"sceneLighting":true,"audioPlay":false,"sceneViewState":{"m_AlwaysRefresh":false,"showFog":true,"showSkybox":false,"showFlares":true,"showImageEffects":true,"showParticleSystems":true,"showVisualEffectGraphs":true,"m_FxEnabled":true},"in2DMode":false,"pivot":{"x":1.8338422775268555,"y":7.744372367858887,"z":3.7260398864746095},"rotation":{"x":0.025100424885749818,"y":0.974607527256012,"z":-0.1692030429840088,"w":0.14460314810276032},"size":6.530141830444336,"orthographic":false}