{"cameraMode":{"drawMode":0,"name":"Shaded","section":"Shading Mode"},"sceneLighting":false,"audioPlay":false,"sceneViewState":{"m_AlwaysRefresh":false,"showFog":true,"showSkybox":false,"showFlares":true,"showImageEffects":true,"showParticleSystems":true,"showVisualEffectGraphs":true,"m_FxEnabled":true},"in2DMode":false,"pivot":{"x":5.2311177253723148,"y":3.4131641387939455,"z":-3.5634517669677736},"rotation":{"x":0.2530827820301056,"y":0.1042390689253807,"z":-0.027439890429377557,"w":0.9614234566688538},"size":7.002254009246826,"orthographic":true}