{"cameraMode":{"drawMode":0,"name":"Shaded","section":"Shading Mode"},"sceneLighting":false,"audioPlay":false,"sceneViewState":{"m_AlwaysRefresh":false,"showFog":true,"showSkybox":false,"showFlares":true,"showImageEffects":true,"showParticleSystems":true,"showVisualEffectGraphs":true,"m_FxEnabled":true},"in2DMode":false,"pivot":{"x":-0.2994595170021057,"y":0.7205626964569092,"z":-5.668195724487305},"rotation":{"x":0.3551618754863739,"y":-0.13118001818656922,"z":0.05041234567761421,"w":0.9241812229156494},"size":11.888476371765137,"orthographic":true}