{"cameraMode":{"drawMode":0,"name":"Shaded","section":"Shading Mode"},"sceneLighting":false,"audioPlay":false,"sceneViewState":{"m_AlwaysRefresh":false,"showFog":true,"showSkybox":false,"showFlares":true,"showImageEffects":true,"showParticleSystems":true,"showVisualEffectGraphs":true,"m_FxEnabled":true},"in2DMode":false,"pivot":{"x":-2.6837387084960939,"y":-0.3862687349319458,"z":0.0778043270111084},"rotation":{"x":-0.17395561933517457,"y":0.8044557571411133,"z":-0.49144381284713747,"w":-0.2847508192062378},"size":10.659146308898926,"orthographic":false}